{
    "gyro_bias": [
        -0.0016067765119457747,
        0.0018723505919155674,
        -0.0075864595615467885
    ],
    "gyro_to_camera_rotation": {
        "w": -0.0022989276509218287,
        "x": -5.999081585144358e-05,
        "y": 0.7095494738545498,
        "z": -0.7046518682906394
    },
    "time_offset_gyro_to_cam": -0.012422480060567525
}
