{
    "gyro_bias": {
        "x": -0.0016067765119457747,
        "y": 0.0018723505919155674,
        "z": -0.0075864595615467885
    },
    "accl_bias": {
        "x": -0.028814204520209767,
        "y": -0.036527212881672745,
        "z": 0.010066784027324015
    }
}